mclust_cluster,corpus_family,n_chapters,pct_cluster
1,BOM,119,0.7986577181208053
1,KJV,30,0.20134228187919462
2,KJV,108,0.7659574468085106
2,BOM,33,0.23404255319148937
3,KJV,128,0.8311688311688312
3,BOM,26,0.16883116883116883
4,KJV,75,0.7731958762886598
4,BOM,22,0.2268041237113402
5,KJV,172,1
6,BOM,39,0.975
6,KJV,1,0.025
