doc_id,neighbor_doc_id,similarity,rank
Isaiah_40,Isaiah_40_55,0.750575275835549,1
Isaiah_40,Isaiah_1_35,0.6994395283843473,2
Isaiah_40,Isaiah_56_66,0.6782295942981365,3
Isaiah_40,Job,0.6748346884286468,4
Isaiah_40,Jeremiah,0.6731723756142249,5
Isaiah_40,Amos,0.6639357351797809,6
Isaiah_40,Ezekiel,0.6609130523765935,7
Isaiah_40,Psalms,0.6503133792917015,8
Isaiah_40,Hosea,0.6483193504339937,9
Isaiah_40,Proverbs,0.644835641841712,10
