doc_id,neighbor_doc_id,similarity,rank
Isaiah_40,Isaiah_40_55,0.7657236491883104,1
Isaiah_40,Isaiah_1_35,0.7151330841065947,2
Isaiah_40,Isaiah_56_66,0.6949180883947489,3
Isaiah_40,Job,0.6892502689025616,4
Isaiah_40,Amos,0.6891282881289524,5
