doc_id,neighbor_doc_id,similarity,rank
Isaiah_40,Isaiah_40_55,0.7633326908024659,1
Isaiah_40,Isaiah_1_35,0.7142954110032381,2
Isaiah_40,Jeremiah,0.6895876979137845,3
Isaiah_40,Job,0.6894891770550157,4
Isaiah_40,Isaiah_56_66,0.6879701039154622,5
Isaiah_40,Ezekiel,0.6773028316996252,6
Isaiah_40,Amos,0.6713479890287207,7
Isaiah_40,Psalms,0.6663962954072264,8
Isaiah_40,Proverbs,0.65856897737002,9
Isaiah_40,Hosea,0.6575605109971252,10
