mclust_cluster,n_chapters,pct_boc
1,34,0.5230769230769231
2,28,0.4307692307692308
3,1,0.015384615384615385
4,2,0.03076923076923077
