mclust_cluster,n_chapters,pct_boc
1,29,0.4461538461538462
3,26,0.4
5,10,0.15384615384615385
