mclust_cluster,corpus_family,n_chapters,pct_cluster
1,KJV,154,0.5900383141762452
1,BOM,73,0.2796934865900383
1,BOC,34,0.13026819923371646
2,KJV,33,0.44594594594594594
2,BOC,28,0.3783783783783784
2,BOM,13,0.17567567567567569
3,KJV,206,0.9809523809523809
3,BOM,3,0.014285714285714285
3,BOC,1,0.004761904761904762
4,BOM,146,0.8248587570621468
4,KJV,29,0.1638418079096045
4,BOC,2,0.011299435028248588
5,KJV,92,0.9583333333333334
5,BOM,4,0.041666666666666664
