section,mclust_cluster,n_chapters,pct_section
Isaiah_1_35,1,2,0.05714285714285714
Isaiah_1_35,4,3,0.08571428571428572
Isaiah_1_35,5,30,0.8571428571428571
Isaiah_36_39,1,1,0.25
Isaiah_36_39,3,1,0.25
Isaiah_36_39,5,1,0.25
Isaiah_36_39,6,1,0.25
Isaiah_40_55,1,1,0.0625
Isaiah_40_55,4,1,0.0625
Isaiah_40_55,5,12,0.75
Isaiah_40_55,6,2,0.125
Isaiah_56_66,3,1,0.09090909090909091
Isaiah_56_66,5,9,0.8181818181818182
Isaiah_56_66,6,1,0.09090909090909091
