G,model,BIC
1,EEI,-34035.56399956347
2,EVV,-33195.43249559837
3,VEV,-32818.53873048719
4,VEV,-32772.43559621849
5,VEV,-32633.612399037873
6,VEV,-32718.592660212908
7,VVE,-32667.772975106098
8,VVE,-32724.380378193113
9,VVE,-32716.502012357916
